,Average_AttendanceTimeSeconds
Average_AttendanceTimeSeconds,1.0
DelayCodeId,0.5991936940633175
distance,0.5175197992858546
NumStationsWithPumpsAttending,0.2399871792317405
PumpCount,0.13033715733653561
SecondPumpArriving_DeployedFromStation_Other,0.12719172753919933
Postcode_district_Other,0.12127664375561949
IncidentStationGround_Other,0.10916001649042209
IncGeo_BoroughCode_E09000017,0.09229746073426788
ProperCase_Hillingdon,0.09229746073426788
AddressQualifier_On motorway / elevated road,0.08673683856880678
IncGeo_WardCode_Other,0.07725740273162456
FirstPumpArriving_DeployedFromStation_Other,0.07602705587190847
StopCodeDescription_False alarm - Good intent,0.06581088402339638
NumCalls,0.06384215228444436
AddressQualifier_Open land/water - nearest gazetteer location,0.061270590354147884
IncGeo_WardCode_E05013570,0.06001129674581119
ProperCase_Enfield,0.057520825399945054
IncGeo_BoroughCode_E09000010,0.057520825399945054
ProperCase_Bromley,0.05468310878657092
IncGeo_BoroughCode_E09000006,0.05468310878657092
IncGeo_BoroughCode_E09000003,0.054129283955530495
ProperCase_Barnet,0.054129283955530495
IncGeo_WardNameNew_Other,0.053847918019158274
StopCodeDescription_Primary Fire,0.05375367353646549
PropertyType_House - single occupancy ,0.051067958247315505
IncGeo_WardNameNew_Heathrow Villages,0.05094344921468667
Postcode_full_Other,0.050842261257257826
PropertyType_Purpose Built Flats/Maisonettes - 10 or more storeys ,0.04980633083460653
IncidentGroup_Fire,0.04861953957750142
FirstPumpArriving_DeployedFromStation_Wembley,0.047493742975103774
PropertyCategory_Outdoor,0.04639698808223375
IncidentStationGround_Enfield,0.04551981436956175
IncidentStationGround_Wembley,0.04398340318658149
SecondPumpArriving_DeployedFromStation_Wembley,0.04379571350256584
ProperCase_Havering,0.04083481221524059
IncGeo_BoroughCode_E09000016,0.04083481221524059
ProperCase_Harrow,0.03963179961992301
IncGeo_BoroughCode_E09000015,0.03963179961992301
PropertyCategory_Road Vehicle,0.038958395989748394
SecondPumpArriving_DeployedFromStation_Northolt,0.03855918045637052
IncidentStationGround_Stanmore,0.03813368139685432
IncGeo_WardCode_E05014017,0.0375008967879225
PropertyCategory_Dwelling,0.0368811838007426
SpecialServiceType_not special service,0.03627483661854555
FirstPumpArriving_DeployedFromStation_Feltham,0.0361594202281791
IncGeo_BoroughCode_E09000005,0.035765041393787875
ProperCase_Brent,0.035765041393787875
SecondPumpArriving_DeployedFromStation_Hendon,0.03566827043973122
FirstPumpArriving_DeployedFromStation_Hendon,0.034957808172346644
FirstPumpArriving_DeployedFromStation_Enfield,0.03464686387973619
SecondPumpArriving_DeployedFromStation_Feltham,0.03453182891278994
ProperCase_Redbridge,0.0335393500309557
IncGeo_BoroughCode_E09000026,0.0335393500309557
IncGeo_BoroughCode_E09000027,0.0332780068646008
ProperCase_Richmond Upon thames,0.0332780068646008
PropertyType_Car ,0.033266910542933834
FirstPumpArriving_DeployedFromStation_Northolt,0.03254897496239297
AddressQualifier_On land associated with building,0.03193376180318872
FirstPumpArriving_DeployedFromStation_Stanmore,0.031668001051570534
IncGeo_WardNameNew_HEATHROW VILLAGES,0.03157549227973308
SecondPumpArriving_DeployedFromStation_Stanmore,0.03152014074420695
IncGeo_BoroughCode_E09000018,0.029535578515922426
ProperCase_Hounslow,0.029535578515922426
IncGeo_WardNameNew_Roehampton,0.029344376192328176
PumpMinutesRounded,0.029266850054760884
SecondPumpArriving_DeployedFromStation_Hillingdon,0.029261858163110388
Postcode_full_SW15,0.0291723685320606
SecondPumpArriving_DeployedFromStation_Edmonton,0.028831785657153063
SecondPumpArriving_DeployedFromStation_Dagenham,0.028410933918150832
Latitude_rounded,0.028351010590339423
CalYear,0.028293658491479412
Postcode_district_SW15,0.02795781572542895
SecondPumpArriving_DeployedFromStation_Finchley,0.027836643775529548
AddressQualifier_Nearby address - street not listed in gazetteer,0.027760249874232805
FirstPumpArriving_DeployedFromStation_Edmonton,0.027360211483428317
IncidentStationGround_Edmonton,0.027196247972188184
Northing_m,0.027144294814773495
FirstPumpArriving_DeployedFromStation_Hillingdon,0.026791818777411682
IncGeo_BoroughCode_E09000004,0.026476132083598544
ProperCase_Bexley,0.026476132083598544
SecondPumpArriving_DeployedFromStation_Bromley,0.025869811571407393
AddressQualifier_In street remote from gazetteer location,0.025200729675644584
Northing,0.024900551457996013
ProperCase_Kingston Upon thames,0.024711183270399593
IncGeo_BoroughCode_E09000021,0.024711183270399593
AddressQualifier_Nearby address - no building in street,0.02449945007101045
PropertyType_Grassland/ pasture/ grazing etc ,0.02448391720721561
PropertyType_infrequent_sklearn,0.024426809646304653
IncidentStationGround_Hillingdon,0.024375042048832705
PropertyType_Tree scrub ,0.024218636846648666
PropertyCategory_Aircraft,0.023080652454542386
SecondPumpArriving_DeployedFromStation_Heston,0.022857004015853902
IncGeo_WardNameNew_Village,0.022622991226888732
SpecialServiceType_RTC,0.02225984450769575
SecondPumpArriving_DeployedFromStation_Barking,0.022097248012301923
IncidentStationGround_Southall,0.02178410603243662
ProperCase_Barking And dagenham,0.02133232947319097
IncGeo_BoroughCode_E09000002,0.02133232947319097
FirstPumpArriving_DeployedFromStation_Dagenham,0.02094077446605723
IncidentStationGround_Dagenham,0.020887191394567458
FirstPumpArriving_DeployedFromStation_infrequent_sklearn,0.020885996789220544
SecondPumpArriving_DeployedFromStation_Southall,0.020172624883845646
FirstPumpArriving_DeployedFromStation_Southall,0.01963486366832948
IncidentStationGround_Wandsworth,0.019391382565521226
Postcode_full_NW8,0.01936609945320883
Postcode_district_E16,0.019079521047443742
PropertyCategory_Boat,0.01876517992950504
FirstPumpArriving_DeployedFromStation_Plumstead,0.018094926643829813
SecondPumpArriving_DeployedFromStation_Plumstead,0.018000237116461093
ProperCase_Ealing,0.01795819551717817
IncGeo_BoroughCode_E09000009,0.01795819551717817
Postcode_district_NW8,0.017454031792768453
PropertyType_Domestic garden (vegetation not equipment) ,0.01733491103977225
PropertyType_Multiple Vehicles ,0.017327648318565984
IncGeo_WardCode_E05013794,0.01730516624973096
IncidentStationGround_Plumstead,0.01715959848524496
Postcode_full_E16,0.017047894523839216
PropertyType_Bungalow - single occupancy ,0.016827058070801863
FirstPumpArriving_DeployedFromStation_Barking,0.016084926145424828
SecondPumpArriving_DeployedFromStation_Ilford,0.016046905725920067
SecondPumpArriving_DeployedFromStation_Euston,0.015817320837960128
Postcode_district_NW2,0.015714772813140036
FirstPumpArriving_DeployedFromStation_Heston,0.015641744980614478
PropertyType_Private Garden Shed ,0.015457702568179982
PropertyType_Purpose Built Flats/Maisonettes - 4 to 9 storeys ,0.015425350093176051
IncidentStationGround_infrequent_sklearn,0.015394946610317187
IncGeo_WardCode_E05013679,0.014697021788453474
USRN,0.014503542114624431
IncGeo_BoroughCode_E09000029,0.01418180087281933
ProperCase_Sutton,0.01418180087281933
SpecialServiceType_Rescue or evacuation from water,0.014180443884923446
Postcode_full_infrequent_sklearn,0.013501692936259984
PropertyType_Park ,0.013217208504197222
IncidentStationGround_Ilford,0.012891792225660564
PropertyType_Van ,0.012710116698642233
AddressQualifier_In street close to gazetteer location,0.012440586414324281
IncGeo_WardNameNew_Edmonton Green,0.012278519498326475
PropertyType_Loose refuse ,0.011819703267647221
PropertyType_Warehouse ,0.011662520323458934
FirstPumpArriving_DeployedFromStation_Ilford,0.011642306300254184
ProperCase_Merton,0.0114453995697572
IncGeo_BoroughCode_E09000024,0.0114453995697572
IncGeo_WardNameNew_Church Street,0.011385701696910782
SpecialServiceType_Stand By,0.01135951000876469
IncGeo_WardCode_E05013510,0.011301693311618795
Postcode_full_E3,0.01118542121362162
SecondPumpArriving_DeployedFromStation_Poplar,0.01088821362484486
IncidentStationGround_Heston,0.010775259923395768
PropertyType_Other outdoor location ,0.010135442561299604
IncGeo_WardCode_E05013801,0.009991765774809909
IncidentStationGround_Barking,0.009856857150925442
Postcode_district_SW19,0.009841586277174996
StopCodeDescription_False alarm - Malicious,0.00956358490277843
SecondPumpArriving_DeployedFromStation_West Norwood,0.009294073850736407
IncGeo_WardNameNew_Highgate,0.009261248648185526
IncidentStationGround_Sutton,0.009140459673180723
Postcode_full_NW2,0.008844367233935207
SecondPumpArriving_DeployedFromStation_Fulham,0.008843024190593497
IncGeo_WardNameNew_Marylebone,0.008829442686956313
IncGeo_WardNameNew_Stonebridge,0.008704197766171463
SecondPumpArriving_DeployedFromStation_Plaistow,0.008618872149295102
FirstPumpArriving_DeployedFromStation_Wandsworth,0.007874622210420377
SecondPumpArriving_DeployedFromStation_Walthamstow,0.007846319345764765
Postcode_full_SE18,0.007302582134576512
Postcode_district_E3,0.007218573627250494
IncGeo_WardCode_E05013805,0.00698368568148917
Postcode_full_SE16,0.006878439058781837
IncGeo_WardNameNew_Primrose Hill,0.006566457284338424
IncGeo_WardCode_E05009319,0.006338187284928346
Postcode_full_IG11,0.006306429235711164
StopCodeDescription_Secondary Fire,0.006237542267467104
IncGeo_WardNameNew_WEST END,0.006068668550101971
Postcode_full_N4,0.005817658495960731
SpecialServiceType_Spills and Leaks (not RTC),0.0057821285395860175
Postcode_district_IG1,0.005755444676976469
Latitude,0.005703519340660865
SpecialServiceType_Hazardous Materials incident,0.005453561078615107
SecondPumpArriving_DeployedFromStation_Stratford,0.005192342696137572
Postcode_district_SE16,0.004974104686195861
SecondPumpArriving_DeployedFromStation_Tottenham,0.004927636090851056
Postcode_full_NW3,0.004899220023833249
IncidentStationGround_Acton,0.004723634593916188
IncGeo_BoroughCode_E09000008,0.0047061417151137465
ProperCase_Croydon,0.0047061417151137465
SpecialServiceType_Animal assistance incidents,0.004693840133503952
PropertyType_Purpose Built Flats/Maisonettes - Up to 3 storeys ,0.004473472087041026
SecondPumpArriving_DeployedFromStation_Wandsworth,0.004341550798964362
IncGeo_WardNameNew_Kilburn,0.004277909149898236
SecondPumpArriving_DeployedFromStation_Hornsey,0.004213376441420214
SecondPumpArriving_DeployedFromStation_Kensington,0.004193286695687219
Postcode_district_IG11,0.004006608539596401
AddressQualifier_Railway land or rolling stock,0.003994260069776053
SecondPumpArriving_DeployedFromStation_Croydon,0.0038387449858638734
Postcode_district_N4,0.0036627456157739702
SpecialServiceType_Other Transport incident,0.003596511339003725
ProperCase_Greenwich,0.003528516514516519
IncGeo_BoroughCode_E09000011,0.003528516514516519
PropertyType_Refuse/rubbish tip ,0.003520101208940002
IncidentStationGround_Walthamstow,0.0032395815841433817
Postcode_district_NW3,0.0029557954910156615
PropertyType_Other,0.002822994609854359
SecondPumpArriving_DeployedFromStation_infrequent_sklearn,0.0027749628800111817
IncGeo_WardCode_E05013665,0.0027612172615876585
SpecialServiceType_Evacuation (no fire),0.002752456303567491
IncGeo_WardCode_E05013808,0.002592539222469204
Postcode_full_E14,0.0025725048308184975
Postcode_district_SE18,0.0021874348507281236
SecondPumpArriving_DeployedFromStation_West Hampstead,0.0021184921346393596
StopCodeDescription_Chimney Fire,0.0019799490835203546
StopCodeDescription_Alleged Fire Risk,0.0019512321271303989
Postcode_full_W12,0.0019360747961192559
PropertyType_Licensed House in Multiple Occupation - Up to 2 storeys ,0.0018085241300259457
Postcode_district_W3,0.0017675684180780526
Postcode_full_W3,0.0017361266627226983
Postcode_district_W12,0.0015672484566513019
SpecialServiceType_Suicide/attempts,0.0015013157592689173
Postcode_full_SE17,0.0014309561610042262
SecondPumpArriving_DeployedFromStation_Islington,0.0013445100283398029
FirstPumpArriving_DeployedFromStation_Walthamstow,0.0010114691737820296
Postcode_full_E17,0.0010001781080851476
SecondPumpArriving_DeployedFromStation_Norbury,0.0009019078988054354
SpecialServiceType_Water provision,0.000869781007409654
SpecialServiceType_No action (not false alarm),0.000860633582744127
IncidentStationGround_Ealing,0.0007760477010824574
Postcode_full_CR0,0.0007311108661337398
FirstPumpArriving_DeployedFromStation_Tottenham,0.0006452931978516219
PropertyType_Retirement/Old Persons Home,0.0005696241921486916
StopCodeDescription_Use of Special Operations Room,0.0004997045336084372
Postcode_district_E17,0.00018032329793159422
SpecialServiceType_Other rescue/release of persons,6.015694972201746e-05
IncGeo_WardNameNew_West End,-0.00023533458862877747
PropertyType_Nursing/Care Home/Hospice,-0.00024793042616781604
Postcode_full_N15,-0.0004389434511924655
StopCodeDescription_Late Call,-0.0005760134945360352
FirstPumpArriving_DeployedFromStation_West Hampstead,-0.0006273610367697732
IncidentStationGround_West Hampstead,-0.0008127496273548035
PropertyCategory_Rail Vehicle,-0.0009947235854653013
FirstPumpArriving_DeployedFromStation_West Norwood,-0.0010771030801227622
PropertyType_Motorcycle ,-0.0011697436688556167
Postcode_full_NW1,-0.0016881105571016923
Postcode_full_NW10,-0.0017090755478058916
IncGeo_WardCode_E05013797,-0.001725638483565858
SpecialServiceType_Making Safe (not RTC),-0.0019032479841431648
IncGeo_WardCode_E05013658,-0.0019462117741945314
Postcode_district_NW10,-0.002057381480081816
IncGeo_WardNameNew_Kingston Town,-0.0020885855198591674
Postcode_full_NW6,-0.002277060281943764
IncGeo_WardNameNew_Regent's Park,-0.002605739774737953
PropertyType_Common external bin storage area,-0.0026392119629416464
PropertyType_Large refuse/rubbish container (eg skip/ paladin),-0.002662566481097179
SecondPumpArriving_DeployedFromStation_Greenwich,-0.0027918384089182903
PropertyType_Nurses'/Doctors' accommodation ,-0.0028013954176225033
SpecialServiceType_Advice Only,-0.002880199942894462
IncGeo_WardCode_E05013721,-0.0030555572662960373
IncGeo_BoroughCode_E09000014,-0.003130362910820509
ProperCase_Haringey,-0.003130362910820509
IncidentStationGround_Plaistow,-0.0031705582523096254
IncGeo_WardCode_E05013796,-0.0032892054853889195
Postcode_full_E5,-0.0036167355665410105
IncGeo_WardNameNew_FAIRFIELD,-0.0036485621108290705
ProperCase_Newham,-0.0036882991845028643
IncGeo_BoroughCode_E09000025,-0.0036882991845028643
IncidentStationGround_Tottenham,-0.0038348760405262088
IncidentStationGround_West Norwood,-0.003903009660995203
IncGeo_WardNameNew_Knightsbridge & Belgravia,-0.004062674687553737
IncGeo_WardNameNew_Gospel Oak,-0.0041251431827163225
IncGeo_WardCode_E05014024,-0.004418192041250886
IncGeo_WardNameNew_Hyde Park,-0.004891222962412117
Postcode_district_E5,-0.004941780126154496
SecondPumpArriving_DeployedFromStation_Tooting,-0.004973989997065094
IncidentStationGround_Poplar,-0.005112657084456946
PropertyType_Bus/coach ,-0.0051990673688374674
IncGeo_WardNameNew_BROMPTON & HANS TOWN,-0.005199893553678096
Postcode_full_SW1V,-0.005342322972089623
PropertyType_Licensed House in Multiple Occupation - 3 or more storeys ,-0.0053682728602148
IncGeo_WardCode_E05013666,-0.0054266718653235985
FirstPumpArriving_DeployedFromStation_Hornsey,-0.005482845202359725
IncGeo_WardNameNew_Tooting Broadway,-0.005782668121746217
SecondPumpArriving_DeployedFromStation_Soho,-0.006049184525764265
SpecialServiceType_Medical Incident - Co-responder,-0.006282002148760527
IncGeo_WardCode_E05013802,-0.006500287657644475
Postcode_full_SW2,-0.006617137883587445
Postcode_full_N17,-0.007052960882746641
FirstPumpArriving_DeployedFromStation_Croydon,-0.007187779767565788
Postcode_full_SE8,-0.007342974178043016
Postcode_district_NW6,-0.007378439382744753
Postcode_district_CR0,-0.007402641755230003
IncidentStationGround_Hornsey,-0.0074904901243152975
Postcode_full_E8,-0.007522148776645953
FirstPumpArriving_DeployedFromStation_Poplar,-0.0075441625972120065
IncGeo_WardNameNew_King's Cross,-0.007630645050464536
Postcode_full_N1,-0.007842691161151705
Postcode_full_SW16,-0.007947950236341483
IncGeo_WardCode_E05009323,-0.008116490917922282
SecondPumpArriving_DeployedFromStation_Clapham,-0.008153679356424911
Postcode_district_E11,-0.008184510582563703
IncGeo_WardCode_E05013668,-0.008286977516111137
IncGeo_WardNameNew_ST. JAMES'S,-0.00830613578869734
IncidentGroup_False Alarm,-0.008337025834878864
AddressQualifier_Within same building,-0.008539804856630666
PropertyType_Wheelie bin (domestic size),-0.008607056114911108
SecondPumpArriving_DeployedFromStation_Old Kent Road,-0.00864835658302373
SpecialServiceType_Flooding,-0.008664251686732303
Postcode_district_E6,-0.008731290259178556
SpecialServiceType_Assist other agencies,-0.009097696308007162
Postcode_full_E2,-0.00930338990579765
Postcode_district_SW1V,-0.00941119029106093
PropertyType_Infant/Primary school,-0.009476424651281103
IncGeo_WardNameNew_Lancaster Gate,-0.00962855641348214
SecondPumpArriving_DeployedFromStation_Stoke Newington,-0.009800648354803106
IncGeo_WardCode_E05013792,-0.00983907408794944
PropertyType_Secondary school,-0.009908382523187377
Postcode_district_N17,-0.010004205302363048
SecondPumpArriving_DeployedFromStation_Shoreditch,-0.010096461264397377
IncGeo_WardNameNew_Lansbury,-0.010197285083830476
PropertyType_Road surface/pavement ,-0.010226465771469946
IncGeo_WardNameNew_Abbey Road,-0.010380311029191115
Postcode_full_W6,-0.0104110378046298
PropertyCategory_Outdoor Structure,-0.010674814727028577
Postcode_full_E9,-0.010743774586075177
PropertyType_Converted office ,-0.010791523174511045
IncGeo_WardNameNew_London Bridge & West Bermondsey,-0.010877782274583381
IncGeo_WardCode_E05013924,-0.010898634401801215
PropertyType_Shopping Centre ,-0.010936829344602014
PropertyType_Medical/health centre,-0.010968569021599815
SecondPumpArriving_DeployedFromStation_Kentish Town,-0.010992591234223909
IncGeo_WardCode_E05011468,-0.011153862408279544
IncGeo_WardCode_E05011104,-0.01126349475074136
Postcode_district_E14,-0.011275383061139597
IncGeo_WardCode_E05009389,-0.011299607266571015
IncGeo_WardNameNew_Stratford,-0.011425851964874733
Postcode_full_SW11,-0.011510149083913334
SecondPumpArriving_DeployedFromStation_Homerton,-0.011514730795416163
IncGeo_BoroughCode_E09000032,-0.01160119245879478
ProperCase_Wandsworth,-0.01160119245879478
FirstPumpArriving_DeployedFromStation_Norbury,-0.01166698428552864
IncGeo_WardNameNew_Pimlico North,-0.011710963751665651
IncGeo_WardNameNew_Canary Wharf,-0.011763053376734266
Postcode_full_N7,-0.011913367355709942
FirstPumpArriving_DeployedFromStation_Tooting,-0.012084955725106967
Postcode_full_E15,-0.012094346140747635
PropertyType_Takeaway/ fast food ,-0.012175848679278123
SecondPumpArriving_DeployedFromStation_Hammersmith,-0.012236302298196947
Postcode_district_E8,-0.012472465104251216
PropertyType_Student Hall of Residence ,-0.012528557179463279
IncidentStationGround_Croydon,-0.01269104459080994
ProperCase_Waltham Forest,-0.012817735593538807
IncGeo_BoroughCode_E09000031,-0.012817735593538807
IncGeo_WardCode_E05009372,-0.012874713454704952
IncGeo_WardCode_E05013536,-0.012914105402891618
FirstPumpArriving_DeployedFromStation_Kensington,-0.013132194660140916
Postcode_full_SW6,-0.01320186847683093
Postcode_district_SW2,-0.013297887500023657
Postcode_full_W14,-0.01331275637803089
IncidentStationGround_Tooting,-0.013339228068977175
Postcode_full_W2,-0.013427606198007825
IncGeo_WardNameNew_South Acton,-0.013613783160419588
IncGeo_WardNameNew_Fairfield,-0.013692956399960852
Postcode_district_infrequent_sklearn,-0.013719492503484084
FirstPumpArriving_DeployedFromStation_Dowgate,-0.013815825718694979
FirstPumpArriving_DeployedFromStation_Islington,-0.013865510416147796
Postcode_district_SW17,-0.013971707656214078
Postcode_district_SW16,-0.014529889163395272
Postcode_full_SW4,-0.014544860790277558
IncGeo_WardCode_E05013702,-0.014765047415050756
IncGeo_WardNameNew_Deptford,-0.014828052089309266
IncidentStationGround_Paddington,-0.01515225932644513
IncGeo_WardNameNew_Clerkenwell,-0.015433573440059137
Postcode_district_NW1,-0.0159411785179485
FirstPumpArriving_DeployedFromStation_Hammersmith,-0.01598699135905985
IncGeo_WardNameNew_Westbourne,-0.0160117489718789
IncGeo_WardNameNew_Bromley Town,-0.01603346056410037
Postcode_full_SE1,-0.0162623094898014
IncGeo_WardCode_E05013719,-0.016293647816940385
IncGeo_WardCode_E05013991,-0.016345324931597963
SecondPumpArriving_DeployedFromStation_Paddington,-0.016377934526632405
FirstPumpArriving_DeployedFromStation_Kentish Town,-0.016791688564749167
FirstPumpArriving_DeployedFromStation_Stratford,-0.016813748583979715
SecondPumpArriving_DeployedFromStation_Chelsea,-0.01724915938199805
IncGeo_WardNameNew_St. Peter's,-0.01740001689289367
IncGeo_WardCode_E05009317,-0.01806485932772059
IncGeo_WardCode_E05013809,-0.01821159923832022
FirstPumpArriving_DeployedFromStation_Holloway,-0.01823996436711031
IncidentStationGround_Kensington,-0.018263963542950557
IncGeo_WardCode_E05011096,-0.018420446344124312
IncGeo_WardNameNew_Bethnal Green,-0.018538414267838924
FirstPumpArriving_DeployedFromStation_Stoke Newington,-0.018541188630461555
IncidentStationGround_Stratford,-0.018620830572568046
SecondPumpArriving_DeployedFromStation_Whitechapel,-0.01862975121442471
PropertyType_Hotel/motel ,-0.0186302372538178
IncidentStationGround_Norbury,-0.01870021814697244
IncGeo_WardNameNew_Falconbrook,-0.01873414063601462
PropertyType_Converted Flat/Maisonette - Up to 2 storeys ,-0.018846952802402273
IncGeo_WardCode_E05009331,-0.01885159540796339
IncidentStationGround_Stoke Newington,-0.018889194067307668
Postcode_district_W6,-0.018954054360444793
FirstPumpArriving_DeployedFromStation_Fulham,-0.019136425037624707
IncidentStationGround_Fulham,-0.019142197502553873
IncGeo_WardCode_E05011095,-0.019219451667426286
IncGeo_WardCode_E05014012,-0.01931329754836697
IncidentStationGround_Holloway,-0.019326598426143003
Postcode_district_SW6,-0.019519001522205107
SecondPumpArriving_DeployedFromStation_Peckham,-0.019596610838020893
FirstPumpArriving_DeployedFromStation_Paddington,-0.019890835707893975
IncGeo_WardCode_E05013662,-0.020095877109353486
Postcode_district_W2,-0.02041485925126661
Postcode_district_N7,-0.02046320558927197
Postcode_full_SE13,-0.02073186067703191
Postcode_full_N16,-0.02076971675349472
IncGeo_WardNameNew_Bunhill,-0.020922723560819773
FirstPumpArriving_DeployedFromStation_Clapham,-0.02094091108918911
Postcode_district_N1,-0.020963358371411816
IncidentStationGround_Hammersmith,-0.02097760946739257
Postcode_district_E9,-0.021064230082263814
IncGeo_WardCode_E05013699,-0.02125538463325866
IncidentStationGround_Euston,-0.02129494157897143
PropertyType_Restaurant/cafe,-0.021368155549478025
FirstPumpArriving_DeployedFromStation_Homerton,-0.02142979776943109
IncGeo_WardCode_E05009377,-0.02148269402857242
ProperCase_Lewisham,-0.021611166676450508
IncGeo_BoroughCode_E09000023,-0.021611166676450508
Postcode_full_W11,-0.02166110743076683
PropertyType_Small refuse/rubbish container,-0.021959960649986454
IncidentStationGround_Islington,-0.02224240843296133
PropertyType_Hospital ,-0.022268745104895803
Postcode_district_E2,-0.022469189673814727
IncGeo_WardNameNew_Holborn & Covent Garden,-0.022553393340312946
Postcode_district_SW11,-0.02281149879910632
IncGeo_WardNameNew_Ladywell,-0.022930156084758707
Postcode_full_SE15,-0.022959479941223833
IncidentStationGround_Bethnal Green,-0.023084077019957377
Postcode_district_E15,-0.023085221754911386
PropertyType_College/University ,-0.023089967736245606
PropertyType_Pub/wine bar/bar ,-0.02310573132173843
FirstPumpArriving_DeployedFromStation_Bethnal Green,-0.023449579653372465
FirstPumpArriving_DeployedFromStation_Euston,-0.023571239387397393
IncGeo_WardNameNew_infrequent_sklearn,-0.023737659179433265
IncidentStationGround_Homerton,-0.02391216556149302
IncGeo_WardNameNew_Spitalfields & Banglatown,-0.02395587554200136
IncGeo_BoroughCode_E09000001,-0.024442953976944258
ProperCase_City Of london,-0.024442953976944258
FirstPumpArriving_DeployedFromStation_Old Kent Road,-0.024758981936099718
IncGeo_WardCode_E05013725,-0.024955465280933606
AddressQualifier_In street outside gazetteer location,-0.024987677768288686
IncidentStationGround_Old Kent Road,-0.025342717724678502
FirstPumpArriving_DeployedFromStation_Lewisham,-0.025483220190595676
ProperCase_Hammersmith And fulham,-0.025510790901544563
IncGeo_BoroughCode_E09000013,-0.025510790901544563
IncidentStationGround_Kentish Town,-0.025619693119065493
IncidentStationGround_Lewisham,-0.025704742674711466
SecondPumpArriving_DeployedFromStation_North Kensington,-0.025878759514767726
IncGeo_WardCode_E05009376,-0.025882319842167177
Postcode_full_SE5,-0.026047778846657644
Postcode_district_W11,-0.02621229597724437
IncidentStationGround_Soho,-0.02630849773100603
IncGeo_WardCode_E05009333,-0.026311917169358275
PropertyType_Large supermarket ,-0.026589761839181693
IncGeo_WardCode_E05014118,-0.027029769767072286
IncidentStationGround_Clapham,-0.027098625638982608
IncGeo_WardNameNew_Herne Hill & Loughborough Junction,-0.027103495978447054
Postcode_full_W9,-0.02711031690841915
SecondPumpArriving_DeployedFromStation_Lambeth,-0.027636290182537056
HourOfCall,-0.027870300610341733
IncGeo_WardNameNew_Waterloo & South Bank,-0.027873991176463803
Postcode_district_N16,-0.02792037611336233
IncGeo_WardCode_E05011109,-0.02847034293207476
IncGeo_WardCode_infrequent_sklearn,-0.028643340704723633
FirstPumpArriving_DeployedFromStation_Soho,-0.028934683603727366
PropertyType_Self contained Sheltered Housing ,-0.029223148023619448
IncGeo_WardCode_E05011115,-0.029708271880082026
Postcode_district_W9,-0.029857638757123082
IncidentStationGround_Dowgate,-0.02992120094763225
PropertyCategory_Other Residential,-0.031192539202243214
FirstPumpArriving_DeployedFromStation_Chelsea,-0.032244809720857796
FirstPumpArriving_DeployedFromStation_Peckham,-0.03261676787524797
IncGeo_WardCode_E05009405,-0.032653322895171394
ProperCase_Westminster,-0.03266558606762067
IncGeo_BoroughCode_E09000033,-0.03266558606762067
IncidentStationGround_Peckham,-0.032968404814621766
IncGeo_WardNameNew_Bloomsbury,-0.03298414691430406
FirstPumpArriving_DeployedFromStation_Shoreditch,-0.03327019905209309
IncidentStationGround_Chelsea,-0.03339699885049627
IncidentStationGround_Shoreditch,-0.0334339971981168
SpecialServiceType_Lift Release,-0.033765318909002605
Postcode_full_W10,-0.034082032960788565
IncGeo_WardCode_E05013653,-0.03467830559254366
Postcode_district_SE15,-0.03471697433975381
Postcode_full_E1,-0.034864926290612615
Postcode_full_SW9,-0.03570101134677528
Postcode_district_SE13,-0.03587913940151882
PropertyType_Converted Flat/Maisonettes - 3 or more storeys,-0.035925126122596344
PropertyType_Purpose built office ,-0.03602560797471437
IncidentGroup_Special Service,-0.03626931867051407
StopCodeDescription_Special Service,-0.03627483661854545
FirstPumpArriving_DeployedFromStation_Lambeth,-0.03694821725735446
PropertyType_Single shop ,-0.03700992901902517
FirstPumpArriving_DeployedFromStation_Whitechapel,-0.03712135494214682
IncGeo_WardCode_E05013806,-0.03738297672484229
ProperCase_Hackney,-0.03759497363862872
IncGeo_BoroughCode_E09000012,-0.03759497363862872
IncGeo_WardNameNew_Whitechapel,-0.0378159761299394
IncGeo_WardNameNew_St. James's,-0.03798296544978216
SpecialServiceType_Effecting entry/exit,-0.03893052090599869
IncGeo_BoroughCode_E09000007,-0.039221104814253054
ProperCase_Camden,-0.039221104814253054
AddressQualifier_Correct incident location,-0.039958340050412385
PropertyType_Hostel (e.g. for homeless people) ,-0.04023306154709473
IncGeo_WardCode_E05009336,-0.040370907058877116
IncGeo_BoroughCode_E09000028,-0.04050774779194598
ProperCase_Southwark,-0.04050774779194598
Postcode_district_W10,-0.041692991114742436
Easting,-0.04199633020816155
Postcode_district_SE5,-0.04220839253922807
SecondPumpArriving_DeployedFromStation_Brixton,-0.042286852410258056
Longitude_rounded,-0.04257763734123929
ProperCase_Islington,-0.042853368313506196
IncGeo_BoroughCode_E09000019,-0.042853368313506196
IncidentStationGround_North Kensington,-0.04296479791488904
UPRN,-0.04301102483483889
FirstPumpArriving_DeployedFromStation_North Kensington,-0.04307686624292884
Easting_m,-0.043121505269313784
Postcode_district_SE1,-0.04496005800375461
IncGeo_BoroughCode_E09000030,-0.04635123058666883
ProperCase_Tower Hamlets,-0.04635123058666883
SpecialServiceType_Removal of objects from people,-0.04671784661240971
IncidentStationGround_Lambeth,-0.04896372751396008
Postcode_district_SW9,-0.05187716181168205
SpecialServiceType_Medical Incident,-0.05433666593183622
StopCodeDescription_AFA,-0.05462949722507089
FirstPumpArriving_DeployedFromStation_Brixton,-0.05690128245826704
Postcode_district_E1,-0.05824770137293646
IncGeo_BoroughCode_E09000020,-0.06072508657519215
ProperCase_Kensington And chelsea,-0.06072508657519215
IncidentStationGround_Brixton,-0.06562196784278364
ProperCase_Lambeth,-0.07612941819717589
IncGeo_BoroughCode_E09000022,-0.07612941819717589
PropertyCategory_Non Residential,-0.07735841431289081
SecondPumpArriving_DeployedFromStation_no second pump,-0.13445118078031987
